EAN,text1,text2,text3
778988465615,"Optimalizace pro vyhledÃ¡vaÄe podle Rank Math - https://rankmath.com/
Spin Master Bakugan - 5 balenÃ­ speciÃ¡lnÃ­ Ãºtok S6 vÃ­ce druhÅ¯ | NejlevnÄ›jÅ¡Ã­ hraÄkÃ¡rna
<link rel='stylesheet' id='kk-star-ratings-css' href='https://www.nejlevnejsihrackarna.cz/wp-content/plugins/kk-star-ratings/public/css/kk-star-ratings.css?ver=99.9.9' type='text/css' media='all' />
<link rel='stylesheet' id='oxygen-css' href='https://www.nejlevnejsihrackarna.cz/wp-content/plugins/oxygen/component-framework/oxygen.css?ver=4.9' type='text/css' media='all' />
<script type=""text/javascript"" src=""https://www.nejlevnejsihrackarna.cz/wp-includes/js/jquery/jquery.min.js?ver=3.7.1"" id=""jquery-core-js""></script>
<script type=""text/javascript"" src=""https://www.nejlevnejsihrackarna.cz/wp-content/plugins/search-filter-pro/public/assets/js/search-filter-build.min.js?ver=2.5.19"" id=""search-filter-plugin-build-js""></script>
<link rel='stylesheet' id='oxygen-cache-105072-css' href='//www.nejlevnejsihrackarna.cz/wp-content/uploads/oxygen/css/105072.css?cache=1663138789&#038;ver=bb2aff32e8b719c9038e6c0841181dd3' type='text/css' media='all' />
<link rel='stylesheet' id='oxygen-cache-105073-css' href='//www.nejlevnejsihrackarna.cz/wp-content/uploads/oxygen/css/105073.css?cache=1663138788&#038;ver=bb2aff32e8b719c9038e6c0841181dd3' type='text/css' media='all' />
<link rel='stylesheet' id='oxygen-universal-styles-css' href='//www.nejlevnejsihrackarna.cz/wp-content/uploads/oxygen/css/universal.css?cache=1663138776&#038;ver=bb2aff32e8b719c9038e6c0841181dd3' type='text/css' media='all' />
Spin Master Bakugan - 5 balenÃ­ speciÃ¡lnÃ­ Ãºtok S6 vÃ­ce druhÅ¯
Produkt osvÄ›dÄenÃ½ zÃ¡kaznÃ­ky Spin Master Bakugan - 5 balenÃ­ speciÃ¡lnÃ­ Ãºtok S6 vÃ­ce druhÅ¯ od originÃ¡lnÃ­ho vÃ½robce
5 balenÃ­ speciÃ¡lnÃ­ Ãºtok s 5 Bakugan bojovnÃ­ky ze sÃ©rie 6. BalenÃ­ obsahuje 2 Bakugany SpeciÃ¡lnÃ­ Ãºtok (rotace), 2 Kruhy, 1 taÅ¾nÃ© lanko, 3 Core Bakugan, 5 karet charakteru, 2 Gate karty, 2 karty speciÃ¡lnÃ­ Ãºtok, 3 Brawler karty, instrukce a pravidla. VhodnÃ© od 6 let.Pozor, poÄet kusÅ¯ na skladÄ› mÅ¯Å¾e bÃ½t u akÄnÃ­ho zboÅ¾Ã­ omezen. Garantujeme spokojenost z nÃ¡kupu.
Popis produktu Spin Master Bakugan - 5 balenÃ­ speciÃ¡lnÃ­ Ãºtok S6 vÃ­ce druhÅ¯
PokÃ©mon UP: GS Snorlax Munchlax - Deck Box krabiÄka na 75 karet
PokÃ©mon UP: GS Snorlax Munchlax - PRO-Binder album na 360 karet
PokÃ©mon UP: GS Snorlax Munchlax - Deck Protector obaly na karty 65ks
PokÃ©mon UP: GS Frosted Forest - Deck Box krabiÄka na 75 karet
PokÃ©mon UP: GS Frosted Forest - PRO-Binder album na 360 karet
PokÃ©mon UP: Elite Series - Pikachu PRO-Binder 12 kapesnÃ­ zapÃ­nacÃ­ album
PokÃ©mon UP: Elite Series - Pikachu PRO-Binder 9 kapesnÃ­ zapÃ­nacÃ­ album
PokÃ©mon TCG: SWSH12 Silver Tempest - Build & Battle Stadium
PokÃ©mon UP: GS Frosted Forest - Deck Protector obaly na karty 65ks
MoravskÃ¡ ÃšstÅ™edna - Krtek 20 cm sedÃ­cÃ­, kulich Äerveno-Å¾lutÃ½
MoravskÃ¡ ÃšstÅ™edna - Krtek 20cm kulich Äerveno-Å¾lutÃ½
MoravskÃ¡ ÃšstÅ™edna - Krtek 25 cm kulich modrÃ½-trikolora
MoravskÃ¡ ÃšstÅ™edna - Krtek sedÃ­cÃ­ 20 cm mluvÃ­cÃ­, kulich Äerveno-Å¾lutÃ½
MoravskÃ¡ ÃšstÅ™edna - Krtek mluvÃ­cÃ­ maÅˆÃ¡sek, modro-Å¾lutÃ½ kulich
MoravskÃ¡ ÃšstÅ™edna - Krtek sedÃ­cÃ­ 20 cm mluvÃ­cÃ­, kulich, modro-Å¾lutÃ½
MoravskÃ¡ ÃšstÅ™edna - Krtek 20 cm mluvÃ­cÃ­, kulich Äerveno-Å¾lutÃ½
Spin Master Gund TlapkovÃ¡ patrola Chase PlyÅ¡Ã¡k 23cm
PokÃ©mon TCG: SWSH12 Silver Tempest - Elite Trainer Box
Clementoni - Puzzle SuperColor Paw Patrol TlapkovÃ¡ patrola 180 dÃ­lkÅ¯
PokÃ©mon TCG: SWSH12 Silver Tempest - 3 Blister Booster
PokÃ©mon UP: Enchanted Glade - krouÅ¾kovÃ© album na strÃ¡nkovÃ© obaly
PokÃ©mon TCG: SWSH12 Silver Tempest - 1 Blister Booster
PokÃ©mon TCG: SWSH12 Silver Tempest - Premium Checklane Blister
PokÃ©mon TCG: SWSH11 Lost Origin - Build & Battle Stadium
Spin Master Bakugan - 5 balenÃ­ speciÃ¡lnÃ­ Ãºtok S6 vÃ­ce druhÅ¯
Spin Master Gund TlapkovÃ¡ patrola Chase PlyÅ¡Ã¡k 23cm
Spin Master TlapkovÃ¡ Patrola - big trucks vozidla - vÃ­ce druhÅ¯
Spin Master TlapkovÃ¡ Patrola - big trucks vozidla - vÃ­ce druhÅ¯
Spin Master Bakugan - 5 balenÃ­ speciÃ¡lnÃ­ Ãºtok S6 vÃ­ce druhÅ¯
. Nakupujte v naÅ¡em e-shopu za skvÄ›lÃ© ceny. NEPLAÅ¤TE DOPRAVNÃ‰ A BALNÃ‰, nabÃ­dka platÃ­ pro objednÃ¡vky v hodnotÄ› nad korun. PÅ™ejeme vÃ¡m pÅ™Ã­jemnÃ© nakupovÃ¡nÃ­.
WP Fastest Cache file was created in 0.46288299560547 seconds, on 07-10-24 15:56:54",chyba,"SPIN MASTER Bakugan s6 SpeciÃ¡lnÃ­ Ãºtok hernÃ­ set bojovnÃ­k 5ks s doplÅˆky | Benjamici
StÃ¡le platÃ­ !! U objednÃ¡vky na 2000 KÄ dÃ¡rek zdarma
SPIN MASTER Bakugan s6 SpeciÃ¡lnÃ­ Ãºtok hernÃ­ set bojovnÃ­k 5ks s doplÅˆky
SPIN MASTER Bakugan s6 SpeciÃ¡lnÃ­ Ãºtok hernÃ­ set bojovnÃ­k 5ks s doplÅˆky
SPIN MASTER Bakugan s6 SpeciÃ¡lnÃ­ Ãºtok hernÃ­ set bojovnÃ­k 5ks s doplÅˆky
HernÃ­ set ""SpeciÃ¡lnÃ­ Ãºtok"" s pÄ›ti Bakugan bojovnÃ­ky a doplÅˆky ze sÃ©rie s6. Baleno v krabici.
BojovÃ¡ sada obsahuje 2 speciÃ¡lnÃ­ ÃºtoÄnÃ© rotujÃ­cÃ­ Bakugany, 3 zÃ¡kladnÃ­ Bakugany a sbÄ›ratelskÃ© karty. K aktivaci rotujÃ­cÃ­ho Bakugana pouÅ¾ijte pÅ™iloÅ¾enou kartu nebo odkaz. PÅ™ipojte svÃ©ho Bakugana pomocÃ­ vÃ­cedÃ­lnÃ©ho kulovÃ©ho spojovacÃ­ho systÃ©mu. JednoduÅ¡e spoj hornÃ­ ÄÃ¡st, spodnÃ­ ÄÃ¡st a/nebo speciÃ¡lnÃ­ ÃºtoÄnÃ½ zbraÅˆovÃ½ krouÅ¾ek svÃ© postavy dohromady a pÅ™iprav se na boj. ÄŒÃ­m vÃ­ce jich nasbÃ­rÃ¡Å¡, tÃ­m vÃ­ce si je mÅ¯Å¾eÅ¡ pÅ™izpÅ¯sobit. PouÅ¾Ã­vejte karty postav a karty speciÃ¡lnÃ­ch ÃºtokÅ¯ a sbÃ­rejte body proti svÃ½m nepÅ™Ã¡telÅ¯m. VytvoÅ™te si strategii se speciÃ¡lnÃ­m Ãºtokem Bakugan a vrhnÄ›te se do boje. PomocÃ­ kÃ³du uvnitÅ™ zÃ­skÃ¡te novÃ© zpÅ¯soby hranÃ­ online hry Roblox. ZvyÅ¡te ÃºroveÅˆ svÃ½ch bitev dÃ­ky zbrusu novÃ© trÃ©ninkovÃ© sadÄ› a bojovÃ© arÃ©nÄ›, z nichÅ¾ kaÅ¾dÃ¡ se prodÃ¡vÃ¡ samostatnÄ›.
Obsah balenÃ­: 2x Bakugan SpeciÃ¡lnÃ­ Ãºtok (rotace), 2x kruh, taÅ¾nÃ© lanko, 3x Core Bakugan, 5x karta charakteru, 2x Gate karta, 2x karta speciÃ¡lnÃ­ Ãºtok, 3x Brawler karta, instrukce, pravidla
MÅ¯Å¾ete se kdykoli odhlÃ¡sit. ZasÃ­lÃ¡me jednou za 14 dnÃ­.
U nÃ¡s najdete vÅ¡e, co potÅ™ebujete pro pÃ©Äi o svÃ© dÄ›ti - od obleÄenÃ­, pÅ™es hraÄky a pomÅ¯cky pro krmenÃ­, aÅ¾ po dÄ›tskÃ½ nÃ¡bytek a vybavenÃ­ do dÄ›tskÃ©ho pokoje.
NabÃ­zÃ­me produkty od ovÄ›Å™enÃ½ch znaÄek, kterÃ© jsou vyrobeny z nejkvalitnÄ›jÅ¡Ã­ch materiÃ¡lÅ¯ a splÅˆujÃ­ pÅ™Ã­snÃ© bezpeÄnostnÃ­ normy. VÃ­me, Å¾e pÃ©Äe o dÄ›ti vyÅ¾aduje hodnÄ› Äasu a energie. Proto se postarÃ¡me o to, aby vaÅ¡e objednÃ¡vky byly doruÄeny co nejrychleji a bez komplikacÃ­.
ZamÄ›Å™ujeme se na potÅ™eby kojencÅ¯, dÄ›tÃ­ a jejich rodiÄÅ¯. V kategorii
naleznete obleÄky vhodnÃ© pro novorozence a batolata, kterÃ© jsou Äasto vyrobeny ze 100% bavlny, coÅ¾ zaruÄuje jejich jemnost a Å¡etrnost k citlivÃ© dÄ›tskÃ© pokoÅ¾ce.
s pouÅ¾itÃ­m souborÅ¯ cookies, aby VÃ¡m mohli zobrazovat informace tÃ½kajÃ­cÃ­ se VaÅ¡ich zÃ¡jmÅ¯.
Zde mÃ¡te moÅ¾nost pÅ™izpÅ¯sobit soubory cookies dle kategoriÃ­, jak vyhovujÃ­ nejlÃ©pe VaÅ¡im preferencÃ­m.
TechnickÃ© cookies jsou nezbytnÃ© pro sprÃ¡vnÃ© fungovÃ¡nÃ­ webovÃ© strÃ¡nky a vÅ¡ech funkcÃ­, kterÃ© nabÃ­zÃ­ a nemohou bÃ½t vypnuty bez zablokovÃ¡nÃ­ funkcÃ­ strÃ¡nky. Jsou odpovÄ›dnÃ© mj. za uchovÃ¡vÃ¡nÃ­ produktÅ¯ v koÅ¡Ã­ku, pÅ™ihlÃ¡Å¡enÃ­ k zÃ¡kaznickÃ©mu ÃºÄtu, fungovÃ¡nÃ­ filtrÅ¯, nÃ¡kupnÃ­ proces nebo uklÃ¡dÃ¡nÃ­ nastavenÃ­ soukromÃ­. Z tohoto dÅ¯vodu technickÃ© cookies nemohou bÃ½t individuÃ¡lnÄ› deaktivovÃ¡ny nebo aktivovÃ¡ny a jsou aktivnÃ­ vÅ¾dy.
AnalytickÃ© cookies nÃ¡m umoÅ¾ÅˆujÃ­ mÄ›Å™enÃ­ vÃ½konu naÅ¡eho webu a naÅ¡ich reklamnÃ­ch kampanÃ­. Jejich pomocÃ­ urÄujeme poÄet nÃ¡vÅ¡tÄ›v a zdroje nÃ¡vÅ¡tÄ›v naÅ¡ich internetovÃ½ch strÃ¡nek. Data zÃ­skanÃ¡ pomocÃ­ tÄ›chto cookies zpracovÃ¡vÃ¡me anonymnÄ› a souhrnnÄ›, bez pouÅ¾itÃ­ identifikÃ¡torÅ¯, kterÃ© ukazujÃ­ na konkrÃ©tnÃ­ uÅ¾ivatelÃ© naÅ¡eho webu. DÃ­ky tÄ›mto cookies mÅ¯Å¾eme optimalizovat vÃ½kon a funkÄnost naÅ¡ich strÃ¡nek.
PreferenÄnÃ­ cookies umoÅ¾ÅˆujÃ­, aby si webovÃ¡ strÃ¡nka zapamatovala informace, kterÃ© mÄ›nÃ­, jak se webovÃ¡ strÃ¡nka chovÃ¡ nebo jak vypadÃ¡. Je to napÅ™Ã­klad VÃ¡mi preferovanÃ½ jazyk, mÄ›na, oblÃ­benÃ© nebo naposledy prohlÃ­Å¾enÃ© produkty apod. DÃ­ky tÄ›mto cookies VÃ¡m mÅ¯Å¾eme doporuÄit na webu produkty a nabÃ­dky, kterÃ© budou pro VÃ¡s co nejzajÃ­mavÄ›jÅ¡Ã­.
MarketingovÃ© cookies pouÅ¾Ã­vÃ¡me my nebo naÅ¡i partneÅ™i, abychom VÃ¡m dokÃ¡zali zobrazit co nejrelevantnÄ›jÅ¡Ã­ obsah nebo reklamy jak na naÅ¡ich strÃ¡nkÃ¡ch, tak na strÃ¡nkÃ¡ch tÅ™etÃ­ch subjektÅ¯. To je moÅ¾nÃ© dÃ­ky vytvÃ¡Å™enÃ­ tzv. pseudonymizovanÃ©ho profilu dle VaÅ¡ich zÃ¡jmÅ¯. Ale nebojte, tÃ­mto profilovÃ¡nÃ­m zpravidla nenÃ­ moÅ¾nÃ¡ bezprostÅ™ednÃ­ identifikace VaÅ¡Ã­ osoby, protoÅ¾e jsou pouÅ¾Ã­vÃ¡ny pouze pseudonymizovanÃ© Ãºdaje. Pokud nevyjÃ¡dÅ™Ã­te souhlas s tÄ›mito cookies, neuvidÃ­te v reklamnÃ­ch sdÄ›lenÃ­ch obsah uÅ¡itÃ½ na mÃ­ru VaÅ¡im zÃ¡jmÅ¯m.
s pouÅ¾itÃ­m souborÅ¯ cookies, aby VÃ¡m mohli zobrazovat informace tÃ½kajÃ­cÃ­ se VaÅ¡ich zÃ¡jmÅ¯.
VypadÃ¡ to, Å¾e jste si nÄ›co zapomnÄ›li v koÅ¡Ã­ku. DokonÄete objednÃ¡vku jeÅ¡tÄ› pÅ™ed odchodem, aÅ¥ vÃ¡m zboÅ¾Ã­ nevyfoukne nÄ›kdo jinÃ½! ğŸ™‚"
